{
  "version": 1,
  "mobconfigs": [
    {
      "mobName": "minecraft:villager",
      "configs": [
        {
          "tag": "spawn_xp",
          "value": 10
        },
        {
          "tag": "factory_tier",
          "value": 3
        }
      ]
    },
    {
      "mobName": "minecraft:wither_skeleton",
      "configs": [
        {
          "tag": "spawn_xp",
          "value": 10
        },
        {
          "tag": "factory_tier",
          "value": 3
        }
      ]
    },
    {
      "mobName": "minecraft:magma_cube",
      "configs": [
        {
          "tag": "spawn_xp",
          "value": 5
        },
        {
          "tag": "factory_tier",
          "value": 2
        }
      ]
    },
    {
      "mobName": "minecraft:enderman",
      "configs": [
        {
          "tag": "spawn_xp",
          "value": 10
        },
        {
          "tag": "factory_tier",
          "value": 3
        }
      ]
    },
    {
      "mobName": "minecraft:ender_dragon",
      "configs": [
        {
          "tag": "spawn_xp",
          "value": 750
        },
        {
          "tag": "death_xp",
          "value": 500
        },
        {
          "tag": "factory_tier",
          "value": 4
        },
        {
          "tag": "spawn_ticks",
          "value": 12000
        }
      ]
    },
    {
      "mobName": "minecraft:wither",
      "configs": [
        {
          "tag": "factory_tier",
          "value": 4
        },
        {
          "tag": "spawn_ticks",
          "value": 1200
        },
        {
          "tag": "mass_1_param",
          "value": 2
        },
        {
          "tag": "mass_2_param",
          "value": 3
        },
        {
          "tag": "mass_3_param",
          "value": 4
        }
      ]
    },
    {
      "mobName": "minecraft:villager_golem",
      "configs": [
        {
          "tag": "spawn_xp",
          "value": 10
        },
        {
          "tag": "factory_tier",
          "value": 3
        }
      ]
    },
    {
      "mobName": "minecraft:guardian",
      "configs": [
        {
          "tag": "factory_tier",
          "value": 3
        }
      ]
    },
    {
      "mobName": "minecraft:blaze",
      "configs": [
        {
          "tag": "factory_tier",
          "value": 2
        }
      ]
    },
    {
      "mobName": "minecraft:witch",
      "configs": [
        {
          "tag": "factory_tier",
          "value": 2
        }
      ]
    },
    {
      "mobName": "minecraft:ghast",
      "configs": [
        {
          "tag": "factory_tier",
          "value": 2
        }
      ]
    },
    {
      "mobName": "minecraft:zombie_pigman",
      "configs": [
        {
          "tag": "factory_tier",
          "value": 2
        }
      ]
    }
  ],
  "entitymodblacklist": [
    "botania"
  ],
  "entityblacklist": [
  ],
  "entitywhitelist": [
  ],
  "itemmodblacklist": [
  ],
  "itemblacklist": [

  ]
}

